classifier,clade,tax_id,abcd,uhgg
xtree,Actinomycetia,1760,0.003477549477683764,0.003477549477683764
xtree,Bacilli,91061,0.23110473429134973,0.23110473429134973
xtree,Bacteroidia,200643,0.0015964152768487446,0.0015964152768487446
xtree,Clostridia,186801,0.457529634391061,0.457529634391061
xtree,Gammaproteobacteria,1236,0.30305283338845423,0.30305283338845423
