classifier,clade,tax_id,abcd,uhgg
xtree,Actinobacteriota,201174,0.004484633881303301,0.004484633881303301
xtree,Bacteroidota,976,0.0016038751613200004,0.0016038751613200004
xtree,Firmicutes,1239,0.6888245957364287,0.6888245957364287
xtree,Proteobacteria,1224,0.3038560142831929,0.3038560142831929
