classifier,clade,tax_id,abcd,uhgg
xtree,Bacillales,1385,0.22935663469691833,0.22935663469691833
xtree,Enterobacterales,91347,0.3015024207325115,0.3015024207325115
xtree,Lachnospirales,3085636,0.26636387824473856,0.26636387824473856
xtree,Oscillospirales,NaN,0.19000823073920017,0.19000823073920017
xtree,Streptomycetales,85011,0.0011898515731653034,0.0011898515731653034
xtree,Streptosporangiales,85012,0.0013365626344333354,0.0013365626344333354
