name	taxonomy_id	taxonomy_lvl	kraken_assigned_reads	added_reads	new_est_reads	fraction_total_reads
Clostridia	186801	C	186243	1610	187853	0.41411
Bacilli	91061	C	107831	1459	109290	0.24092
Erysipelotrichia	526524	C	38	0	38	0.00008
Actinomycetes	1760	C	121	0	121	0.00027
Gammaproteobacteria	1236	C	131560	361	131921	0.29081
Alphaproteobacteria	28211	C	13	0	13	0.00003
Flavobacteriia	117743	C	16	0	16	0.00004
Bacteroidia	200643	C	15	0	15	0.00003
Mammalia	40674	C	24366	0	24366	0.05371
