classifier,clade,tax_id,abcd,uhgg
metaphlan,Clostridia,186801,0.7946629000000001,0.7946629000000001
metaphlan,Bacilli,91061,0.20533710000000002,0.20533710000000002
