classifier,clade,tax_id,abcd,uhgg
metaphlan,Faecalibacterium,216851,0.4135601,0.4135601
metaphlan,Roseburia,841,0.3811027,0.3811027
metaphlan,Bacillus,1386,0.20533710000000002,0.20533710000000002
