classifier,clade,tax_id,abcd,uhgg
metaphlan,Oscillospiraceae,216572,0.4135601,0.4135601
metaphlan,Lachnospiraceae,186803,0.3811027,0.3811027
metaphlan,Bacillaceae,186817,0.20533710000000002,0.20533710000000002
