classifier,clade,tax_id,abcd,uhgg
metaphlan,Eubacteriales,186802,0.7946629000000001,0.7946629000000001
metaphlan,Bacillales,1385,0.20533710000000002,0.20533710000000002
